Intro,บทนำ,المقدمة,1to7
1,ความศรัทธา (อีมาน),كتاب الإيمان,8to222
2,ความสะอาด (อัฏ-เฏาะฮาเราะห์),كتاب الطهارة,223to292
3,ประจำเดือน (ฮัยฎ),كتاب الحيض,293to376
4,การละหมาด (ศอลาต),كتاب الصلاة,377to519
5,มัสยิดและสถานที่ละหมาด,كتاب الْمَسَاجِدِ وَمَوَاضِعِ الصَّلاَةِ,520to684
6,การละหมาดของผู้เดินทางและการย่อละหมาด,كتاب صلاة المسافرين وقصرها,685to843
7,การละหมาดวันศุกร์ (ญุมุอะฮ์),كتاب الجمعة,844to883
8,การละหมาดวันรื่นเริงทั้งสอง (อีดฟิตริและอีดอัฎฮา),كتاب صلاة العيدين,884to893
9,การละหมาดขอฝน (อิสติสกาอ์),كتاب صلاة الاستسقاء,894to900
10,การละหมาดสุริยคราสและจันทรคราส (กุซูฟ),كتاب الكسوف,901to915
11,เรื่องศพ (ญะนาซะฮ์),كتاب الجنائز,916to978
12,การจ่ายทานบังคับ (ซะกาต),كتاب الزكاة,979to1078
13,การถือศีลอด (ศิยาม),كتاب الصيام,1079to1170
14,การพำนักในมัสยิดเพื่อปฏิบัติธรรม (เอี๊ยะติกาฟ),كتاب الاعتكاف,1171to1176
15,การประกอบพิธีฮัจญ์,كتاب الحج,1177to1399
16,การแต่งงาน (นิกาห์),كتاب النكاح,1400to1443
17,การให้นมบุตร (รอยาอะห์),كتاب الرضاع,1444to1470
18,การหย่าร้าง (เฏาะลาก),كتاب الطلاق,1471to1491
19,การสาปแช่งระหว่างสามีภรรยา (ลิอาน),كتاب اللعان,1492to1500
20,การปลดปล่อยทาส (อิตก์),كتاب العتق,1501to1510
21,การซื้อขายและธุรกรรม (บุยูอ์),كتاب البيوع,1511to1550
22,การจัดสรรน้ำและการเพาะปลูก (มุซากอฮ์),كتاب المساقاة,1551to1613
23,กฎหมายมรดก (ฟะรออิฎ),كتاب الفرائض,1614to1619
24,การให้ของขวัญ (ฮิบะฮ์),كتاب الهبات,1620to1626
25,พินัยกรรม (วะศียะห์),كتاب الوصية,1627to1637
26,การบนบาน (นัซร์),كتاب النذر,1638to1645
27,การสาบาน (อัยมาน),كتاب الأيمان,1646to1668
28,การสาบาน (กอสาะมะห์) การลงโทษและค่าสินไหม,كتاب القسامة والمحاربين والقصاص والديات,1669to1683
29,บทลงโทษทางอาญา (ฮุดูด),كتاب الحدود,1684to1710
30,การพิพากษาตัดสินคดี (อักฎิยะห์),كتاب الأقضية,1711to1721
31,ของตกหาย (ลุกอเตาะห์),كتاب اللقطة,1722to1729
32,การต่อสู้ในหนทางของอัลลอฮ์ (ญิฮาด) และการเดินทาง,كتاب الجهاد والسير,1730to1817
33,การปกครอง (อิมาเราะห์),كتاب الإمارة,1818to1928
34,การล่าสัตว์ การเชือด และสัตว์ที่ทานได้,كتاب الصيد والذبائح وما يؤكل من الحيوان,1929to1959
35,สัตว์พลีทาน (อัฎฮา),كتاب الأضاحى,1960to1978
36,เครื่องดื่ม,كتاب الأشربة,1979to2064
37,เครื่องแต่งกายและเครื่องประดับ,كتاب اللباس والزينة,2065to2130
38,มารยาท (อาด้าบ),كتاب الآداب,2131to2159
39,การให้สลาม (การทักทาย),كتاب السلام,2160to2245
40,การใช้ถ้อยคำที่เหมาะสม,كتاب الألفاظ من الأدب وغيرها,2246to2254
41,บทกวี,كتاب الشعر,2255to2260
42,การฝัน (รุอ์ยา),كتاب الرؤيا,2261to2275
43,คุณงามความดี (ฟาฎออิล),كتاب الفضائل,2276to2380
44,ความประเสริฐของบรรดาสาวก (ซอฮาบะฮ์),كتاب فضائل الصحابة رضى الله تعالى عنهم,2381to2547
45,การทำดี การเชื่อมสัมพันธ์เครือญาติ และมารยาท,كتاب البر والصلة والآداب,2548to2642
46,กำหนดสภาวะการณ์ (กอดัร),كتاب القدر,2643to2664
47,ความรู้ (อิลม์),كتاب العلم,2665to2674
48,การรำลึกถึงอัลลอฮ์ การขอดุอา และการกลับตัว,كتاب الذكر والدعاء والتوبة والاستغفار,2675to2735
49,สิ่งที่ทำให้จิตใจอ่อนโยน (ริกอก),كتاب الرقاق,2736to2743
50,การกลับตัว (เตาบะฮ์),كتاب التوبة,2744to2771
51,ลักษณะของพวกกลับกลอก (มุนาฟิกีน) และบทบัญญัติ,كتاب صفات المنافقين وأحكامهم,2772to2784
52,ลักษณะของวันกิยามะฮ์ สวรรค์ และนรก,كتاب صفة القيامة والجنة والنار,2785to2821
53,สวรรค์ ความสุข และชาวสวรรค์,كتاب الجنة وصفة نعيمها وأهلها,2822to2879
54,ความวุ่นวาย (ฟิตนะฮ์) และสัญญาณวันสิ้นโลก,كتاب الفتن وأشراط الساعة,2880to2955
55,การสมถะ (ซุฮด์) และสิ่งที่ทำให้ใจอ่อนโยน,كتاب الزهد والرقائق,2956to3014
56,การอรรถาธิบายอัลกุรอาน (ตัฟซีร),كتاب التفسير,3015to3033
